,ID,Interval,Model,accuracy,predict
0,1,1,nn,0.6484560570071259,1.0
1,2,45,svm,0.912621359223301,1.0
2,3,18,dtc,0.8349282296650717,1.0
3,4,18,crf,0.9904306220095693,1.0
4,5,10,qwe,0.801909307875895,1.0
