,Unnamed: 0,ID,Interval,Model,accuracy,predict
0,0,15,81,svm,0.9012345679012346,0.0
1,1,16,81,svm,0.9185185185185185,0.0
2,2,17,81,svm,0.9209876543209876,0.0
3,3,10,88,svm,0.9158415841584159,1.0
4,4,19,88,svm,0.9257425742574258,1.0
