,Unnamed: 0,ID,Interval,Model,accuracy,predict
0,0,89,30,svm,0.8909952606635071,0.0
1,1,90,5,svm,0.7189695550351288,0.0
2,2,84,2,svm,0.677570093457944,1.0
3,3,92,17,svm,0.84,0.0
4,4,93,40,svm,0.8809523809523809,0.0
5,5,87,1,svm,0.6495327102803738,1.0
6,6,94,27,svm,0.8723404255319149,0.0
7,7,95,27,svm,0.8794326241134752,0.0
