,Unnamed: 0,ID,Interval,Model,accuracy,predict
0,0,1,1,svm,0.672209026128266,0.0
1,1,2,45,svm,0.8956310679611651,1.0
2,3,4,18,crf,1.0,1.0
3,4,5,22,svm,0.8465227817745803,1.0
